source_id,title,authority_level,jurisdiction,document_type,url,last_updated
bamf_blue_card_overview,BAMF EU Blue Card Overview,federal,Germany,webpage,https://www.bamf.de/EN/Themen/MigrationAufenthalt/ZuwandererDrittstaaten/Migrathek/BlaueKarteEU/blauekarteeu-node.html,unknown
make_it_germany_blue_card,Make it in Germany EU Blue Card,federal,Germany,webpage,https://www.make-it-in-germany.com/en/visa-residence/types/eu-blue-card,unknown
munich_blue_card,Munich EU Blue Card,city,Munich,webpage,https://stadt.muenchen.de/service/en-GB/info/auslanderbehorde/10422541/,unknown
hamburg_blue_card,Hamburg EU Blue Card,city,Hamburg,webpage,https://welcome.hamburg.de/einreise-und-aufenthalt/aufenthaltserlaubnisse/blaue-karte-eu-416694,unknown
